{
    "type": "minecraft:crafting_shapeless",
    "ingredients": [
        {
            "item": "minecraft:brown_mushroom"
        },
        {
            "item": "minecraft:beetroot"
        },
        {
            "item": "minecraft:beetroot"
        },
        {
            "item": "minecraft:brown_mushroom"
        },
        {
            "item": "minecraft:beetroot"
        },
        {
            "item": "minecraft:carrot"
        },
        {
            "item": "minecraft:brown_mushroom"
        },
        {
            "item": "minecraft:brown_mushroom"
        },
        {
            "item": "minecraft:egg"
        }
    ],
    "result": {
        "id": "minecraft:mutton",
        "count": 1
    }
}